{
  "height" : 140,
  "layers" : {
    "layers" : [
      {
        "x" : 9,
        "y" : 0,
        "effects" : {
          "fill" : {
            "used" : false,
            "name" : "Fill",
            "properties" : {
              "enabled" : 0,
              "blending" : 1,
              "opacity" : 1
            }
          },
          "name" : "",
          "properties" : {

          }
        },
        "identifier" : "D1D44157-8E92-469A-ACDB-8B96BE17524E",
        "properties" : {
          "masking" : 1,
          "reference" : 0,
          "effectsEnabled" : 1,
          "enabled" : 1,
          "lockTransparency" : 0,
          "selected" : 1,
          "opacity" : 1,
          "lockPosition" : 0,
          "lockPixels" : 0
        },
        "type" : "layer",
        "name" : "logo_color2"
      }
    ],
    "appVersion" : "2.2.5",
    "identifier" : "0D468B8A-C669-48E8-B6E1-8DD7BEDB87D5",
    "properties" : {

    },
    "documentVersion" : "1.1",
    "type" : "root",
    "name" : "root"
  },
  "selection" : {
    "y" : 0,
    "properties" : {
      "lockPosition" : 0
    },
    "identifier" : "A2C65F9B-A2A1-4940-9C56-5C97A0178A27",
    "x" : 0,
    "name" : "Selectable",
    "type" : "selection"
  },
  "recording" : false,
  "guidelines" : {
    "guidelines" : [

    ]
  },
  "exif" : {
    "{TIFF}" : {
      "Software" : "Artstudio Pro"
    },
    "DPIHeight" : 300,
    "DPIWidth" : 300,
    "ColorModel" : "RGB",
    "PixelHeight" : 1691,
    "Depth" : 8,
    "HasAlpha" : true,
    "{PNG}" : {
      "InterlaceType" : 0,
      "Software" : "Adobe ImageReady",
      "XPixelsPerMeter" : 11811,
      "YPixelsPerMeter" : 11811
    },
    "PixelWidth" : 2014
  },
  "width" : 167,
  "properties" : {
    "snapToLayerBounds" : 1,
    "persP3X" : 0.5,
    "snapToGrid" : 1,
    "snapToImageBounds" : 1,
    "showPerspectiveGrid" : 0,
    "snapToGuidelines" : 1,
    "persP3Y" : 0.10000000149011612,
    "persAngle" : 0,
    "perspectiveGridAssist" : 0,
    "showGuidelines" : 1,
    "snapToLayerCenter" : 1,
    "persShowHorizon" : 1,
    "showGrid" : 0,
    "resolution" : 300,
    "persP2Y" : 0.5,
    "persP2X" : 0.89999997615814209,
    "persP2Density" : 3,
    "persHorizonAssist" : 1,
    "persP3Density" : 3,
    "showPixelGrid" : 0,
    "showHelpers" : 1,
    "snapToImageCenter" : 1,
    "persP1X" : 0.10000000149011612,
    "persPointsCount" : 1,
    "snap" : 1,
    "gridSpacing" : 100,
    "persP1Density" : 3,
    "gridSubdivisions" : 4,
    "persP1Y" : 0.5
  },
  "persColor" : {
    "name" : "Color",
    "properties" : {
      "b" : 0.70196080207824707,
      "space" : 0,
      "c" : 0.70196080207824707,
      "a" : 0.70196080207824707
    }
  }
}